{
	"name": "Freeze",
	"description": "You tend to freeze much more than others. When the climate is cold enough you will start to freeze to death, unless you are near a heat source.",
	"type": "origins:multiple",
	"cold_sensitive": {
		"type": "origins:freeze",
		"condition": {
			"type": "origins:and",
			"conditions": [{
				"type": "origins:biome",
				"condition": {
					"type": "origins:temperature",
					"comparison": "<=",
					"compare_to": 0.7
				}
			}, {
				"type": "apoli:submerged_in",
				"fluid": "minecraft:lava",
				"inverted": true
			}, {
				"type": "origins:block_in_radius",
				"block_condition": {
					"type": "origins:or",
					"conditions": [{
						"type": "origins:block",
						"block": "minecraft:fire"
					}, {
						"type": "origins:block",
						"block": "minecraft:magma_block"
					}, {
						"type": "origins:block",
						"block": "minecraft:lava"
					}]
				},
				"radius": 30,
				"shape": "sphere",
				"comparison": ">=",
				"compare_to": 1,
				"inverted": true
			}]
		}
	}
}