{
	"name": "Lava Affinity",
	"description": "Unlike merlings with their aqua affinity, your lava affinity works when in lava, rather than underwater!",
	"type": "origins:multiple",
	"underwater": {
		"type": "origins:modify_break_speed",
		"modifier": {
			"operation": "multiply_total",
			"value": 4
		},
		"condition": {
			"type": "origins:and",
			"conditions": [{
					"type": "origins:submerged_in",
					"fluid": "minecraft:lava"
				},
				{
					"type": "origins:enchantment",
					"enchantment": "minecraft:aqua_affinity",
					"comparison": "==",
					"compare_to": 0
				}
			]
		}
	},
	"ungrounded": {
		"type": "origins:modify_break_speed",
		"modifier": {
			"operation": "multiply_total",
			"value": 4
		},
		"condition": {
			"type": "origins:and",
			"conditions": [{
					"type": "origins:fluid_height",
					"fluid": "minecraft:lava",
					"comparison": ">",
					"compare_to": 0
				},
				{
					"type": "origins:on_block",
					"inverted": true
				}
			]
		}
	}
}