{
	"type": "origins:multiple",
	"name": "Advanced Gills",
	"description": "your gills have evolved to work both underwater and in lava, however you still drown on land.",
	"enable_swimming_in_lava": {
		"type": "origins:swimming",
		"condition": {
			"type": "origins:fluid_height",
			"fluid": "minecraft:lava",
			"comparison": ">",
			"compare_to": 0.0,
			"inverted": false
		}
	},
	"fire_damage_immunity": {
		"type": "origins:fire_immunity"
	},
	"breathe_under_lava": {
		"type": "apoli:stacking_status_effect",
		"hidden": true,
		"min_stacks": 1,
		"max_stacks": 1,
		"duration_per_stack": 60,
		"effects": [{
			"effect": "minecraft:water_breathing",
			"is_ambient": true,
			"show_particles": false,
			"show_icon": true
		}],
		"condition": {
			"type": "origins:or",
			"conditions": [{
				"type": "apoli:submerged_in",
				"fluid": "minecraft:lava"

			}, {
				"type": "apoli:submerged_in",
				"fluid": "minecraft:water"

			}]
		},
		"loseair": {
			"type": "origins:action_over_time",
			"entity_action": {
				"type": "origins:gain_air",
				"value": -3
			},
			"interval": 1,
			"condition": {
				"type": "origins:and",
				"conditions": [{
					"type": "apoli:submerged_in",
					"fluid": "minecraft:lava",
					"inverted": true
				}, {
					"type": "apoli:submerged_in",
					"fluid": "minecraft:water",
					"inverted": true
				}, {
					"type": "origins:air",
					"comparison": ">",
					"compare_to": 0
				}]
			}
		}
	},
	"gainair": {
		"type": "origins:action_over_time",
		"entity_action": {
			"type": "origins:gain_air",
			"value": 10
		},
		"interval": 1,
		"condition": {
			"type": "origins:and",
			"conditions": [{
				"type": "apoli:submerged_in",
				"fluid": "minecraft:water"
			}]
		}
	},
	"loseair2": {
		"type": "origins:action_over_time",
		"entity_action": {
			"type": "origins:gain_air",
			"value": -9.1
		},
		"interval": 2,
		"condition": {
			"type": "origins:and",
			"conditions": [{
				"type": "apoli:submerged_in",
				"fluid": "minecraft:lava",
				"inverted": true
			}, {
				"type": "origins:air",
				"comparison": ">",
				"compare_to": 0
			}, {
				"type": "origins:status_effect",
				"effect": "minecraft:water_breathing",
				"inverted": true

			},{
				"type": "origins:status_effect",
				"effect": "minecraft:conduit_power",
				"inverted": true
			}]
		}
	},
	"noairdamage": {
		"type": "origins:action_over_time",
		"entity_action": {
			"type": "origins:damage",
			"amount": 6,
			"source": {
				"name": "wither",
				"bypasses_armor": false,
				"unblockable": true
			}
		},
		"interval": 80,
		"condition": {
			"type": "origins:and",
			"conditions": [{
					"type": "apoli:submerged_in",
					"fluid": "minecraft:water",
					"inverted": true
				},
				{
					"type": "origins:air",
					"comparison": "<=",
					"compare_to": 8
				}
			]
		}

	}
}