{
	"powers": [
		"moss:camo",
		"moss:spread",
		"moss:greenskin",
		"moss:damp",
		"moss:photosynthesis",
		"moss:antivore",
		"moss:foliage",
		"moss:landing",
		"moss:size",
		"moss:flammable",
		"moss:fragile",
		"moss:overlay",
		"moss:toggle",
		"moss:killmoss",
		"moss:prevent_block",
		"moss:prevent_item",
		"moss:prevent_entity",
		"moss:camo_slow",
		"moss:camo_detect",
		"moss:camo_invis"
	],
	"icon": "minecraft:moss_block",
	"order": 10,
	"impact": 2,
	"name": "Mosskin",
	"description": "Descendents of a species of moss, evolved over thousands of years."
}
