{
	"type": "origins:modify_food",
		"item_condition": {
			"type": "origins:ingredient",
			"ingredient": {
				"item": "minecraft:dried_kelp",
				"item": "minecraft:melon_slice",
				"item": "minecraft:sweet_berries",
				"item": "minecraft:glow_berries"
			}
		},
		"food_modifier": {
			"name": "Increased food points",
			"operation": "addition",
			"value": 5.0
		},
		"saturation_modifier": {
			"name": "Increased saturation points",
			"operation": "addition",
			"value": 3.0
		},
	"name": "Healthy Eater",
	"description": "A healthy diet of kelp, berries, and melon slices increases saturation."
}
