{
	"type": "origins:multiple",
	"name": "Air Affinity",
	"description": "Aqua Affinity. But in air!",
	"underwater": {
		"type": "origins:modify_break_speed",
		"modifier": {
			"operation": "multiply_total",
			"value": 4
		},
		"condition": {
			"type": "origins:and",
			"conditions": [
				{
					"type": "origins:enchantment",
					"enchantment": "minecraft:aqua_affinity",
					"comparison": "==",
					"compare_to": 0
				}
			]
		}
	},
	"ungrounded": {
		"type": "origins:modify_break_speed",
		"modifier": {
			"operation": "multiply_total",
			"value": 4
		},
		"condition": {
			"type": "origins:and",
			"conditions": [
				{
					"type": "origins:on_block",
					"inverted": true
				}
			]
		}
	}
}