{
	"type": "origins:multiple",
	"name": "Blast",
	"description": "Send out a powerful blast of air to push mobs away from you",
	"tag": {
		"type": "origins:active_self",
		"entity_action": {
			"type": "origins:execute_command",
			"command": "execute positioned ^ ^0.5 ^2 run tag @e[distance=..50] add slam",
			"permission_level": 4
		},

		"cooldown": 200,
		"hud_render": {
			"should_render": true,
			"sprite_location": "origins:textures/gui/community/spiderkolo/resource_bar_02.png",
			"bar_index": 2
		},
		"hidden": true,
		"key": "key.origins.secondary_active"
	},
	"sound": {
		"type": "origins:active_self",
		"entity_action": {
			"type": "origins:play_sound",
			"sound": "minecraft:entity.iron_golem.hurt"
		},

		"cooldown": 200,
		"hud_render": {
			"should_render": false
		},
		"key": "key.origins.secondary_active",
		"hidden": true
	},
	"effect": {
		"type": "origins:active_self",
		"entity_action": {
			"type": "origins:area_of_effect",
			"radius": 50,
			"include_target": false,
			"bientity_action": {
				"type": "origins:target_action",
				"action": {
					"type": "origins:spawn_particles",
					"particle": "minecraft:sweep_attack",
					"count": 1
				}
			},
			"bientity_condition": {
				"type": "origins:target_condition",
				"condition": {
					"type": "origins:nbt",
					"nbt": "{Tags: ['slam']}"
				}
			}
		},

		"cooldown": 200,
		"hud_render": {
			"should_render": false
		},
		"key": "key.origins.secondary_active",
		"hidden": true
	},
	"damage": {
		"type": "origins:active_self",
		"entity_action": {
			"type": "origins:area_of_effect",
			"radius": 50,
			"include_target": false,
			"bientity_action": {
				"type": "origins:damage",
				"amount": 6,
				"source": {
					"name": "player"
				}
			},
			"bientity_condition": {
				"type": "origins:target_condition",
				"condition": {
					"type": "origins:nbt",
					"nbt": "{Tags: ['slam']}"
				}
			}
		},

		"cooldown": 200,
		"hud_render": {
			"should_render": false
		},
		"key": "key.origins.secondary_active",
		"hidden": true
	},
	"push": {
		"type": "origins:active_self",
		"entity_action": {
			"type": "origins:delay",
			"ticks": 1,
			"action": {
				"type": "origins:area_of_effect",
				"radius": 50,
				"include_target": false,
				"bientity_action": {
					"type": "origins:add_velocity",
					"z": 2
				},
				"bientity_condition": {
					"type": "origins:target_condition",
					"condition": {
						"type": "origins:nbt",
						"nbt": "{Tags: ['slam']}"
					}
				}
			}
		},

		"cooldown": 200,
		"hud_render": {
			"should_render": false
		},
		"key": "key.origins.secondary_active",
		"hidden": true
	},
	"removetag": {
		"type": "origins:active_self",
		"entity_action": {
			"type": "origins:delay",
			"ticks": 3,
			"action": {
				"type": "origins:execute_command",
				"command": "tag @e[tag=slam] remove slam",
				"permission_level": 4
			}
		},

		"cooldown": 200,
		"hud_render": {
			"should_render": false
		},
		"key": "key.origins.secondary_active",
		"hidden": true
	}
}