{
    "name": "Apparition Shriek",
    "description": "Terrify your enemies, giving everyone in a five block radius slowness 4 and blindness for 3 seconds.",
    "type": "origins:active_self",
    "entity_action": {
        "type": "origins:and",
        "actions": [
        {
            "type": "origins:area_of_effect",
            "radius": 5,
            "bientity_action": {
                "type": "origins:target_action",
                "action": {
                    "type": "origins:apply_effect",
                    "effects": [
                    {
                        "effect": "minecraft:slowness",
                        "duration": 60,
                        "amplifier": 3
                    },
                    {
                        "effect": "minecraft:blindness",
                        "duration": 60,
                        "amplifier": 0
                    }
                ]
                }
            }
        },
        {
            "type": "origins:play_sound",
            "sound": "minecraft:entity.wither.ambient"
        }
    ]
    },
    "cooldown": 180,
    "hud_render": {
        "should_render": true,
        "sprite_location": "origins:textures/gui/community/spiderkolo/resource_bar_02.png",
        "bar_index": 18
    },
    "key": {
        "key": "key.saveToolbarActivator"
    }
}