{
    "name": "Ghost Form",
    "description": "Turn invisble and go through walls, but this is tiring (gives you a bar of how long you can stay transformed, goes down while in form and recharges when not in use).",
    "type": "origins:multiple",
    "key": {
        "type": "origins:active_self",
        "entity_action": {
            "type": "origins:change_resource",
            "resource": "*:*_toggle",
            "change": 1,
            "operation": "add"
        },
        "cooldown": 20,
        "hud_render": {
            "should_render": false
        },
        "key": {
            "key": "key.origins.secondary_active"
        }
    },
    "toggle": {
        "type": "origins:resource",
        "min": 0,
        "max": 2,
        "start_value": 1,
        "hud_render": {
            "should_render": false
        },
        "max_action": {
            "type": "origins:set_resource",
            "resource": "*:*_toggle",
            "value": 0
        }
    },
    "action": {
        "type": "origins:action_over_time",
        "interval": 1,
        "entity_action": {
            "type": "origins:if_else",
            "condition": {
                "type": "origins:resource",
                "resource": "*:*_toggle",
                "comparison": "==",
                "compare_to": 0
            },
            "if_action": {
                "type": "origins:and",
                "actions": [
                    {
                        "type": "origins:change_resource",
                        "resource": "*:*_active",
                        "change": -1,
                        "operation": "add"
                    },
                    {
                        "type": "origins:apply_effect",
                        "effect": {
                            "effect": "minecraft:slowness",
                            "duration": 22,
                            "amplifier": 0,
                            "show_particles": false,
                            "show_icon": false
                        }
                    }
                ]
            },
            "else_action": {
                "type": "origins:change_resource",
                "resource": "*:*_active",
                "change": 1,
                "operation": "add"
            }
        }
    },
    "phase": {
        "condition": {
            "type": "origins:resource",
            "resource": "*:*_toggle",
            "comparison": "==",
            "compare_to": 0
        },
        "type": "origins:phasing",
        "block_condition": {
            "type": "origins:block",
            "block": "minecraft:bedrock"
        },
        "blacklist": true,
        "render_type": "none",
        "view_distance": 5,
        "phase_down_condition": {
            "type": "origins:sneaking"
        }
    },
    "invisibility": {
        "condition": {
            "type": "origins:resource",
            "resource": "*:*_toggle",
            "comparison": "==",
            "compare_to": 0
        },
        "type": "origins:invisibility",
        "render_armor": false
    },
    "active": {
        "type": "origins:resource",
        "min": 0,
        "max": 200,
        "start_value": 199,
        "hud_render": {
            "should_render": true,
            "sprite_location": "origins:textures/gui/community/spiderkolo/resource_bar_03.png",
            "bar_index": 12,
            "condition": {
                "type": "origins:resource",
                "resource": "*:*_active",
                "comparison": "<",
                "compare_to": 200
            }
        },
        "min_action": {
            "type": "origins:set_resource",
            "resource": "*:*_toggle",
            "value": 1
        }
    },
    "overlay": {
        "condition": {
            "type": "origins:resource",
            "resource": "*:*_toggle",
            "comparison": "==",
            "compare_to": 0
        },
        "type": "origins:overlay",
        "texture": "minecraft:textures/misc/nausea.png",
        "strength": 0.5,
        "red": 0.2,
        "green": 0.2,
        "blue": 0.4,
        "draw_mode": "nausea",
        "draw_phase": "above_hud",
        "hide_with_hud": true,
        "visible_in_third_person": true
    },
    "prevent": {
        "condition": {
            "type": "origins:resource",
            "resource": "*:*_toggle",
            "comparison": "==",
            "compare_to": 0
        },
        "type": "origins:prevent_item_use"
    },
    "lessdmg": {
        "condition": {
            "type": "origins:resource",
            "resource": "*:*_toggle",
            "comparison": "==",
            "compare_to": 0
        },
        "type": "origins:modify_damage_dealt",
        "modifier": {
            "operation": "multiply_base",
            "value": -1
        }
    },
    "dmgtaken": {
        "condition": {
            "type": "origins:resource",
            "resource": "*:*_toggle",
            "comparison": "==",
            "compare_to": 0
        },
        "type": "origins:modify_damage_taken",
        "modifier": {
            "operation": "multiply_base",
            "value": -1
        }
    },
    "preventblock": {
        "condition": {
            "type": "origins:resource",
            "resource": "*:*_toggle",
            "comparison": "==",
            "compare_to": 0
        },
        "type": "origins:prevent_block_use"
    },
    "prevententity": {
        "condition": {
            "type": "origins:resource",
            "resource": "*:*_toggle",
            "comparison": "==",
            "compare_to": 0
        },
        "type": "origins:prevent_entity_use"
    },
    "normalgamemode": {
        "condition": {
            "type": "origins:resource",
            "resource": "*:*_toggle",
            "comparison": "==",
            "compare_to": 0
        },
        "type": "origins:action_over_time",
        "interval": 1,
        "rising_action": {
            "type": "origins:execute_command",
            "command": "gamemode adventure @s"
        },
        "falling_action": {
            "type": "origins:execute_command",
            "command": "gamemode survival @s"
        }
    }
}