{
    "type": "origins:active_self",
    "entity_action": {
        "type": "origins:raycast",
        "distance": 20,
        "block": true,
        "entity": true,
        "shape_type": "visual",
        "fluid_handling": "any",
        "command_at_hit": "function mafia:behind",
        "command_step": 0.25
    },
    "cooldown": 60,
    "hud_render": {
        "should_render": true,
        "sprite_location": "origins:textures/gui/community/huang/resource_bar_01.png",
        "bar_index": 5
    },
    "name": "Ghastly Teleportation",
    "description": "Teleports up to 20 blocks away. When looking at an entity, teleports you behind said entity."
}