{
    "name": "Holy Water",
    "description": "You are weak to holy water (weakness in water).",
    "hidden": false,
    "condition": {
        "type": "origins:fluid_height",
        "fluid": "minecraft:water",
        "comparison": ">",
        "compare_to": 0
    },
    "type": "origins:stacking_status_effect",
    "min_stacks": 1,
    "max_stacks": 3,
    "duration_per_stack": 200,
    "tick_rate": 10,
    "effect": {
        "effect": "minecraft:weakness",
        "duration": 100,
        "amplifier": 1,
        "show_particles": true,
        "show_icon": true
    }
}