{
	"type": "origins:action_over_time",
	"condition": {
		"type": "origins:power_active",
		"power": "moss:toggle"
	},
	"entity_action": {
		"type": "origins:and",
			"actions": [
			{
				"type": "origins:execute_command",
				"command": "execute at @s run kill @e[tag=Moss,sort=nearest,limit=1]"
			},
			{
				"type": "origins:execute_command",
				"command": "execute at @s run summon minecraft:falling_block ~ ~ ~ {BlockState:{Name:\"minecraft:moss_block\"},Time:1,Tags:[\"Moss\"],NoGravity:1b,DropItem:0b}"
			}
		]
	},
	"interval": 1,
	"name": "Camouflage",
	"description": "Toggled with [primary], turn into a moss block. Mobs won't detect you, but you can still take damage. Movement speed is greatly reduced and you cannot break/interact with blocks or items."
}