{
    "type": "origins:action_over_time",
    "entity_action": {
        "type": "origins:if_else",
        "condition": {
            "type": "origins:power_active",
            "power": "moss:camo"
        },
        "if_action": {
            "type": "origins:execute_command",
            "command": "scale set pehkui:visibility -1 @s"
        },
        "else_action": {
            "type": "origins:execute_command",
            "command": "scale reset pehkui:visibility @s"
        }
    },
    "hidden": true
}