{
	"type": "origins:action_on_callback",
	"entity_action_chosen": {
		"type": "origins:and",
		"actions": [
			{
				"type": "origins:execute_command",
				"command": "scale set pehkui:height 0.5"
			},
			{
				"type": "origins:execute_command",
				"command": "scale set pehkui:width 0.5"
			},
			{
				"type": "origins:execute_command",
				"command": "scale persist set true"
			}
		]
	},
	"entity_action_lost": {
		"type": "origins:execute_command",
		"command": "scale reset"
	},
	"hidden": true
}