{	"type": "origins:active_self",
	"cooldown": 600,
	"hud_render": {
		"should_render": true,
		"sprite_location": "origins:textures/gui/community/huang/resource_bar_02.png",
		"bar_index": 8
	},
	"condition": {
		"type": "origins:and",
		"conditions": [
			{
				"type": "origins:on_block",
				"block_condition": {
					"type": "origins:or",
						"conditions": [
						{
			 				"type": "origins:block",
							"block": "minecraft:grass_block"
						},
						{
							"type": "origins:block",
							"block": "minecraft:stone"
						},
						{
							"type": "origins:block",
							"block": "minecraft:andesite"
						},
						{
							"type": "origins:block",
							"block": "minecraft:cave_vines"
						},
						{
							"type": "origins:block",
							"block": "minecraft:coarse_dirt"
						},
						{
							"type": "origins:block",
							"block": "minecraft:deepslate"
						},
						{
							"type": "origins:block",
							"block": "minecraft:diorite"
						},
						{
							"type": "origins:block",
							"block": "minecraft:dirt"
						},
						{
							"type": "origins:block",
							"block": "minecraft:granite"
						},
						{
							"type": "origins:block",
							"block": "minecraft:mud"
						},
						{
							"type": "origins:block",
							"block": "minecraft:mycelium"
						},
						{
							"type": "origins:block",
							"block": "minecraft:podzol"
						},
						{
							"type": "origins:block",
							"block": "minecraft:rooted_dirt"
						},
						{
							"type": "origins:block",
							"block": "minecraft:tuff"
						}
					]
				}
			},
			{
				"type": "origins:food_level",
				"comparison": ">",
				"compare_to": 6
			}
		]
	},
	"entity_action": {
		"type": "origins:and",
		"actions": [
		{
			"type": "origins:block_action_at",
			"block_action": {
				"type": "origins:offset",
				"action": {
					"type": "origins:set_block",
					"block": "minecraft:moss_block"
				},
				"y": -1
			}
		},
		{
			"type":"origins:block_action_at",
			"block_action": {
				"type": "origins:offset",
				"action": {
					"type": "origins:bonemeal",
					"effects": true
				},
				"y":-1
			}
		},
		{
			"type": "origins:exhaust",
			"amount": 20
		}
	  ]
	},
	"key": {
		"key": "key.origins.secondary_active"
		 },
	"name": "Moss Spread",
	"description": "You can turn certain blocks at your feet into moss, spreading it around you. This costs hunger, and will not activate at 6 hunger points (3 shanks)."
}