{
        "name": "Head Start",
        "description": "You can craft awkward potions without a brewing stand.",
	"type": "origins:item_on_item",
	"using_item_condition": {
		"type": "origins:ingredient",
		"ingredient": {
			"item": "minecraft:nether_wart"
		}
	},
	"on_item_condition": {
		"type": "origins:nbt",
		"nbt": "{Potion:\"minecraft:water\"}"
	},
	"result": {
		"item": "minecraft:potion",
		"tag": "{Potion:\"minecraft:awkward\"}"
	},
	"using_item_action": {
		"type": "origins:consume",
		"amount": 1
	},
	"on_item_action": {
		"type": "origins:consume",
		"amount": 1
	},
	"entity_action": {
		"type": "origins:and",
		"actions": [{
				"type": "origins:execute_command",
				"command": "particle minecraft:witch ~ ~1 ~ .1 .1 .1 .1 50 normal"
			},
			{
				"type": "origins:play_sound",
				"sound": "minecraft:block.brewing_stand.brew",
				"volume": 1,
				"pitch": 1
			}
		]
	}
}