{
    "name": "Helping Hand",
    "description": "You can magically whip up a potion based on your current situation!",
    "type": "origins:active_self",
    "entity_action": {
        "type": "origins:and",
        "actions": [
            {
                "type": "origins:if_else_list",
                "actions": [
                    {
                        "condition": {
                            "type": "origins:submerged_in",
                            "fluid": "water"
                        },
                        "action": {
                            "type": "origins:execute_command",
                            "command": "give @p potion{display:{Name:'{\"text\":\"Potion of Water Breathing\",\"italic\":false}'},CustomPotionEffects:[{Id:13,Amplifier:0b,Duration:800}],CustomPotionColor:4150197} 1"
                        }
                    },
                    {
                        "condition": {
                            "type": "origins:on_fire"
                        },
                        "action": {
                            "type": "origins:execute_command",
                            "command": "give @p potion{display:{Name:'{\"text\":\"Potion of Fire Resistance\",\"italic\":false}'},CustomPotionEffects:[{Id:12,Amplifier:0b,Duration:800}],CustomPotionColor:15241243} 1"
                        }
                    },
                    {
                        "condition": {
                            "type": "origins:health",
                            "comparison": "<=",
                            "compare_to": 10
                        },
                        "action": {
                            "type": "origins:execute_command",
                            "command": "give @p potion{display:{Name:'{\"text\":\"Potion of Healing\",\"italic\":false}'},CustomPotionEffects:[{Id:6,Amplifier:0b}],CustomPotionColor:16719119} 1"
                        }
                    },
                    {
                        "condition": {
                            "type": "origins:on_block",
                            "inverted": true
                        },
                        "action": {
                            "type": "origins:execute_command",
                            "command": "give @p potion{display:{Name:'{\"text\":\"Potion of Slow Falling\",\"italic\":false}'},CustomPotionEffects:[{Id:28,Amplifier:0b,Duration:700}],CustomPotionColor:15589053} 1"
                        }
                    },
                    {
                        "condition": {
                            "type": "origins:and",
                            "conditions": [
                                {
                                    "inverted": true,
                                    "type": "origins:on_fire"
                                },
                                {
                                    "type": "origins:health",
                                    "comparison": ">=",
                                    "compare_to": 10
                                },
                                {
                                    "type": "origins:on_block"
                                },
                                {
                                    "inverted": true,
                                    "type": "origins:submerged_in",
                                    "fluid": "water"
                                }
                            ]
                        },
                        "action": {
                            "type": "origins:execute_command",
                            "command": "give @p potion{display:{Name:'{\"text\":\"Potion of Swiftness\",\"italic\":false}'},CustomPotionEffects:[{Id:1,Amplifier:0b,Duration:800}],CustomPotionColor:7773132,SpeedPot:1b} 1"
                        }
                    }
                ]
            }
        ]
    },
    "cooldown": 1800,
    "hud_render": {
        "should_render": true,
        "sprite_location": "origins:textures/gui/community/spiderkolo/resource_bar_02.png",
        "bar_index": 12
    },
    "key": "key.origins.primary_active"
}