{
    "name": "Simple Brewing",
    "description": "By Right-Clicking basic ingredients on Water Bottles, you can create low-level potions.",
        "badges": [
	{
		"type": "origins:tooltip",
		"sprite": "origins:textures/gui/badge/info.png",
		"text": "Due the lack of Nether Wart as a base, these potions are\nrelatively unstable, and cannot be brewed with further,\nwith the exception of Cleric Extensions."
	}
       ],
  "type": "origins:multiple",
  "speed": {
    "type": "origins:item_on_item",
    "using_item_condition": {
      "type": "origins:ingredient",
      "ingredient": {
        "item": "minecraft:sugar"
      }
    },
    "on_item_condition": {
      "type": "origins:nbt",
      "nbt": "{Potion:\"minecraft:water\"}"
    },
    "result": {
      "item": "minecraft:potion",
      "tag": "{display:{Name:'{\"text\":\"Potion of Swiftness\",\"italic\":false}'},CustomPotionEffects:[{Id:1,Amplifier:0b,Duration:1800}],CustomPotionColor:7773132,SpeedPot:1b}"
    },
    "using_item_action": {
      "type": "origins:consume",
      "amount": 1
    },
    "on_item_action": {
      "type": "origins:consume",
      "amount": 1
    },
    "entity_action": {
      "type": "origins:and",
      "actions": [
        {
          "type": "origins:execute_command",
          "command": "particle minecraft:witch ~ ~1 ~ .1 .1 .1 .1 50 normal"
        },
        {
          "type": "origins:play_sound",
          "sound": "minecraft:block.brewing_stand.brew",
          "volume": 1,
          "pitch": 1
        }
      ]
    }
  },
  "slowfall": {
    "type": "origins:item_on_item",
    "using_item_condition": {
      "type": "origins:ingredient",
      "ingredient": {
        "item": "minecraft:phantom_membrane"
      }
    },
    "on_item_condition": {
      "type": "origins:nbt",
      "nbt": "{Potion:\"minecraft:water\"}"
    },
    "result": {
      "item": "minecraft:potion",
      "tag": "{display:{Name:'{\"text\":\"Potion of Slow Falling\",\"italic\":false}'},CustomPotionEffects:[{Id:28,Amplifier:0b,Duration:900}],CustomPotionColor:15589053}"
    },
    "using_item_action": {
      "type": "origins:consume",
      "amount": 1
    },
    "on_item_action": {
      "type": "origins:consume",
      "amount": 1
    },
    "entity_action": {
      "type": "origins:and",
      "actions": [
        {
          "type": "origins:execute_command",
          "command": "particle minecraft:witch ~ ~1 ~ .1 .1 .1 .1 50 normal"
        },
        {
          "type": "origins:play_sound",
          "sound": "minecraft:block.brewing_stand.brew",
          "volume": 1,
          "pitch": 1
        }
      ]
    }
  },
  "fire_res": {
    "type": "origins:item_on_item",
    "using_item_condition": {
      "type": "origins:ingredient",
      "ingredient": {
        "item": "minecraft:magma_cream"
      }
    },
    "on_item_condition": {
      "type": "origins:nbt",
      "nbt": "{Potion:\"minecraft:water\"}"
    },
    "result": {
      "item": "minecraft:potion",
      "tag": "{display:{Name:'{\"text\":\"Potion of Fire Resistance\",\"italic\":false}'},CustomPotionEffects:[{Id:12,Amplifier:0b,Duration:1800}],CustomPotionColor:15241243}"
    },
    "using_item_action": {
      "type": "origins:consume",
      "amount": 1
    },
    "on_item_action": {
      "type": "origins:consume",
      "amount": 1
    },
    "entity_action": {
      "type": "origins:and",
      "actions": [
        {
          "type": "origins:execute_command",
          "command": "particle minecraft:witch ~ ~1 ~ .1 .1 .1 .1 50 normal"
        },
        {
          "type": "origins:play_sound",
          "sound": "minecraft:block.brewing_stand.brew",
          "volume": 1,
          "pitch": 1
        }
      ]
    }
  },
  "turtle": {
    "type": "origins:item_on_item",
    "using_item_condition": {
      "type": "origins:ingredient",
      "ingredient": {
        "item": "minecraft:turtle_helmet"
      }
    },
    "on_item_condition": {
      "type": "origins:nbt",
      "nbt": "{Potion:\"minecraft:water\"}"
    },
    "result": {
      "item": "minecraft:potion",
      "tag": "{display:{Name:'{\"text\":\"Potion of the Turtle Master\",\"italic\":false}'},CustomPotionEffects:[{Id:2,Amplifier:3b,Duration:200},{Id:11,Amplifier:2b,Duration:200}],CustomPotionColor:6771097}"
    },
    "using_item_action": {
      "type": "origins:consume",
      "amount": 1
    },
    "on_item_action": {
      "type": "origins:consume",
      "amount": 1
    },
    "entity_action": {
      "type": "origins:and",
      "actions": [
        {
          "type": "origins:execute_command",
          "command": "particle minecraft:witch ~ ~1 ~ .1 .1 .1 .1 50 normal"
        },
        {
          "type": "origins:play_sound",
          "sound": "minecraft:block.brewing_stand.brew",
          "volume": 1,
          "pitch": 1
        }
      ]
    }
  },
  "water_breathing": {
    "type": "origins:item_on_item",
    "using_item_condition": {
      "type": "origins:ingredient",
      "ingredient": {
        "item": "minecraft:pufferfish"
      }
    },
    "on_item_condition": {
      "type": "origins:nbt",
      "nbt": "{Potion:\"minecraft:water\"}"
    },
    "result": {
      "item": "minecraft:potion",
      "tag": "{display:{Name:'{\"text\":\"Potion of Water Breathing\",\"italic\":false}'},CustomPotionEffects:[{Id:13,Amplifier:0b,Duration:1800}],CustomPotionColor:4150197}"
    },
    "using_item_action": {
      "type": "origins:consume",
      "amount": 1
    },
    "on_item_action": {
      "type": "origins:consume",
      "amount": 1
    },
    "entity_action": {
      "type": "origins:and",
      "actions": [
        {
          "type": "origins:execute_command",
          "command": "particle minecraft:witch ~ ~1 ~ .1 .1 .1 .1 50 normal"
        },
        {
          "type": "origins:play_sound",
          "sound": "minecraft:block.brewing_stand.brew",
          "volume": 1,
          "pitch": 1
        }
      ]
    }
  },
  "night_vision": {
    "type": "origins:item_on_item",
    "using_item_condition": {
      "type": "origins:ingredient",
      "ingredient": {
        "item": "minecraft:golden_carrot"
      }
    },
    "on_item_condition": {
      "type": "origins:nbt",
      "nbt": "{Potion:\"minecraft:water\"}"
    },
    "result": {
      "item": "minecraft:potion",
      "tag": "{display:{Name:'{\"text\":\"Potion of Night Vision\",\"italic\":false}'},CustomPotionEffects:[{Id:16,Amplifier:0b,Duration:1800}],CustomPotionColor:2560401,NightPot:1b}"
    },
    "using_item_action": {
      "type": "origins:consume",
      "amount": 1
    },
    "on_item_action": {
      "type": "origins:consume",
      "amount": 1
    },
    "entity_action": {
      "type": "origins:and",
      "actions": [
        {
          "type": "origins:execute_command",
          "command": "particle minecraft:witch ~ ~1 ~ .1 .1 .1 .1 50 normal"
        },
        {
          "type": "origins:play_sound",
          "sound": "minecraft:block.brewing_stand.brew",
          "volume": 1,
          "pitch": 1
        }
      ]
    }
  },
  "invis": {
    "type": "origins:item_on_item",
    "using_item_condition": {
      "type": "origins:ingredient",
      "ingredient": {
        "item": "minecraft:fermented_spider_eye"
      }
    },
    "on_item_condition": {
      "type": "origins:nbt",
      "nbt": "{NightPot:1b}"
    },
    "result": {
      "item": "minecraft:potion",
      "tag": "{display:{Name:'{\"text\":\"Potion of Invisibility\",\"italic\":false}'},CustomPotionEffects:[{Id:14,Amplifier:0b,Duration:1800}],CustomPotionColor:9081809}"
    },
    "using_item_action": {
      "type": "origins:consume",
      "amount": 1
    },
    "on_item_action": {
      "type": "origins:consume",
      "amount": 1
    },
    "entity_action": {
      "type": "origins:and",
      "actions": [
        {
          "type": "origins:execute_command",
          "command": "particle minecraft:witch ~ ~1 ~ .1 .1 .1 .1 50 normal"
        },
        {
          "type": "origins:play_sound",
          "sound": "minecraft:block.brewing_stand.brew",
          "volume": 1,
          "pitch": 1
        }
      ]
    }
  },
  "leaping": {
    "type": "origins:item_on_item",
    "using_item_condition": {
      "type": "origins:ingredient",
      "ingredient": {
        "item": "minecraft:rabbit_foot"
      }
    },
    "on_item_condition": {
      "type": "origins:nbt",
      "nbt": "{Potion:\"minecraft:water\"}"
    },
    "result": {
      "item": "minecraft:potion",
      "tag": "{display:{Name:'{\"text\":\"Potion of Leaping\",\"italic\":false}'},CustomPotionEffects:[{Id:8,Amplifier:0b,Duration:1800}],CustomPotionColor:2555816}"
    },
    "using_item_action": {
      "type": "origins:consume",
      "amount": 1
    },
    "on_item_action": {
      "type": "origins:consume",
      "amount": 1
    },
    "entity_action": {
      "type": "origins:and",
      "actions": [
        {
          "type": "origins:execute_command",
          "command": "particle minecraft:witch ~ ~1 ~ .1 .1 .1 .1 50 normal"
        },
        {
          "type": "origins:play_sound",
          "sound": "minecraft:block.brewing_stand.brew",
          "volume": 1,
          "pitch": 1
        }
      ]
    }
  },
  "harming": {
    "type": "origins:item_on_item",
    "using_item_condition": {
      "type": "origins:ingredient",
      "ingredient": {
        "item": "minecraft:fermented_spider_eye"
      }
    },
    "on_item_condition": {
      "type": "origins:nbt",
      "nbt": "{PoisonPot:1b}"
    },
    "result": {
      "item": "minecraft:potion",
      "tag": "{display:{Name:'{\"text\":\"Potion of Harming\",\"italic\":false}'},CustomPotionEffects:[{Id:7,Amplifier:0b}],CustomPotionColor:3015979}"
    },
    "using_item_action": {
      "type": "origins:consume",
      "amount": 1
    },
    "on_item_action": {
      "type": "origins:consume",
      "amount": 1
    },
    "entity_action": {
      "type": "origins:and",
      "actions": [
        {
          "type": "origins:execute_command",
          "command": "particle minecraft:witch ~ ~1 ~ .1 .1 .1 .1 50 normal"
        },
        {
          "type": "origins:play_sound",
          "sound": "minecraft:block.brewing_stand.brew",
          "volume": 1,
          "pitch": 1
        }
      ]
    }
  },
  "poison": {
    "type": "origins:item_on_item",
    "using_item_condition": {
      "type": "origins:ingredient",
      "ingredient": {
        "item": "minecraft:spider_eye"
      }
    },
    "on_item_condition": {
      "type": "origins:nbt",
      "nbt": "{Potion:\"minecraft:water\"}"
    },
    "result": {
      "item": "minecraft:potion",
      "tag": "{display:{Name:'{\"text\":\"Potion of Poison\",\"italic\":false}'},CustomPotionEffects:[{Id:19,Amplifier:0b,Duration:600}],CustomPotionColor:3969314,PoisonPot:1b}"
    },
    "using_item_action": {
      "type": "origins:consume",
      "amount": 1
    },
    "on_item_action": {
      "type": "origins:consume",
      "amount": 1
    },
    "entity_action": {
      "type": "origins:and",
      "actions": [
        {
          "type": "origins:execute_command",
          "command": "particle minecraft:witch ~ ~1 ~ .1 .1 .1 .1 50 normal"
        },
        {
          "type": "origins:play_sound",
          "sound": "minecraft:block.brewing_stand.brew",
          "volume": 1,
          "pitch": 1
        }
      ]
    }
  },
  "regen": {
    "type": "origins:item_on_item",
    "using_item_condition": {
      "type": "origins:ingredient",
      "ingredient": {
        "item": "minecraft:ghast_tear"
      }
    },
    "on_item_condition": {
      "type": "origins:nbt",
      "nbt": "{Potion:\"minecraft:water\"}"
    },
    "result": {
      "item": "minecraft:potion",
      "tag": "{display:{Name:'{\"text\":\"Potion of Regeneration\",\"italic\":false}'},CustomPotionEffects:[{Id:10,Amplifier:0b,Duration:600}],CustomPotionColor:15292927}"
    },
    "using_item_action": {
      "type": "origins:consume",
      "amount": 1
    },
    "on_item_action": {
      "type": "origins:consume",
      "amount": 1
    },
    "entity_action": {
      "type": "origins:and",
      "actions": [
        {
          "type": "origins:execute_command",
          "command": "particle minecraft:witch ~ ~1 ~ .1 .1 .1 .1 50 normal"
        },
        {
          "type": "origins:play_sound",
          "sound": "minecraft:block.brewing_stand.brew",
          "volume": 1,
          "pitch": 1
        }
      ]
    }
  },
  "weakness": {
    "type": "origins:item_on_item",
    "using_item_condition": {
      "type": "origins:ingredient",
      "ingredient": {
        "item": "minecraft:fermented_spider_eye"
      }
    },
    "on_item_condition": {
      "type": "origins:nbt",
      "nbt": "{Potion:\"minecraft:water\"}"
    },
    "result": {
      "item": "minecraft:potion",
      "tag": "{display:{Name:'{\"text\":\"Potion of Weakness\",\"italic\":false}'},CustomPotionEffects:[{Id:18,Amplifier:0b,Duration:1200}],CustomPotionColor:4147305}"
    },
    "using_item_action": {
      "type": "origins:consume",
      "amount": 1
    },
    "on_item_action": {
      "type": "origins:consume",
      "amount": 1
    },
    "entity_action": {
      "type": "origins:and",
      "actions": [
        {
          "type": "origins:execute_command",
          "command": "particle minecraft:witch ~ ~1 ~ .1 .1 .1 .1 50 normal"
        },
        {
          "type": "origins:play_sound",
          "sound": "minecraft:block.brewing_stand.brew",
          "volume": 1,
          "pitch": 1
        }
      ]
    }
  },
  "slowness": {
    "type": "origins:item_on_item",
    "using_item_condition": {
      "type": "origins:ingredient",
      "ingredient": {
        "item": "minecraft:fermented_spider_eye"
      }
    },
    "on_item_condition": {
      "type": "origins:nbt",
      "nbt": "{SpeedPot:1b}"
    },
    "result": {
      "item": "minecraft:potion",
      "tag": "{display:{Name:'{\"text\":\"Potion of Slowness\",\"italic\":false}'},CustomPotionEffects:[{Id:2,Amplifier:0b,Duration:1800}],CustomPotionColor:5858708}"
    },
    "using_item_action": {
      "type": "origins:consume",
      "amount": 1
    },
    "on_item_action": {
      "type": "origins:consume",
      "amount": 1
    },
    "entity_action": {
      "type": "origins:and",
      "actions": [
        {
          "type": "origins:execute_command",
          "command": "particle minecraft:witch ~ ~1 ~ .1 .1 .1 .1 50 normal"
        },
        {
          "type": "origins:play_sound",
          "sound": "minecraft:block.brewing_stand.brew",
          "volume": 1,
          "pitch": 1
        }
      ]
    }
  },
  "strength": {
    "type": "origins:item_on_item",
    "using_item_condition": {
      "type": "origins:ingredient",
      "ingredient": {
        "item": "minecraft:blaze_powder"
      }
    },
    "on_item_condition": {
      "type": "origins:nbt",
      "nbt": "{Potion:\"minecraft:water\"}"
    },
    "result": {
      "item": "minecraft:potion",
      "tag": "{display:{Name:'{\"text\":\"Potion of Strength\",\"italic\":false}'},CustomPotionEffects:[{Id:5,Amplifier:0b,Duration:1800}],CustomPotionColor:10821656}"
    },
    "using_item_action": {
      "type": "origins:consume",
      "amount": 1
    },
    "on_item_action": {
      "type": "origins:consume",
      "amount": 1
    },
    "entity_action": {
      "type": "origins:and",
      "actions": [
        {
          "type": "origins:execute_command",
          "command": "particle minecraft:witch ~ ~1 ~ .1 .1 .1 .1 50 normal"
        },
        {
          "type": "origins:play_sound",
          "sound": "minecraft:block.brewing_stand.brew",
          "volume": 1,
          "pitch": 1
        }
      ]
    }
  },
  "health": {
    "type": "origins:item_on_item",
    "using_item_condition": {
      "type": "origins:ingredient",
      "ingredient": {
        "item": "minecraft:glistering_melon_slice"
      }
    },
    "on_item_condition": {
      "type": "origins:nbt",
      "nbt": "{Potion:\"minecraft:water\"}"
    },
    "result": {
      "item": "minecraft:potion",
      "tag": "{display:{Name:'{\"text\":\"Potion of Healing\",\"italic\":false}'},CustomPotionEffects:[{Id:6,Amplifier:0b}],CustomPotionColor:16719119}"
    },
    "using_item_action": {
      "type": "origins:consume",
      "amount": 1
    },
    "on_item_action": {
      "type": "origins:consume",
      "amount": 1
    },
    "entity_action": {
      "type": "origins:and",
      "actions": [
        {
          "type": "origins:execute_command",
          "command": "particle minecraft:witch ~ ~1 ~ .1 .1 .1 .1 50 normal"
        },
        {
          "type": "origins:play_sound",
          "sound": "minecraft:block.brewing_stand.brew",
          "volume": 1,
          "pitch": 1
        }
      ]
    }
  }
}
