{
  "type": "origins:multiple",
  "break_grounded": {
    "type": "origins:modify_break_speed",
    "modifier": {
      "operation": "multiply_total",
      "value": 5.0
    },
    "condition": {
      "type": "origins:and",
      "conditions": [
        {
          "type": "origins:submerged_in",
          "fluid": "minecraft:water"
        },
        {
          "type": "origins:using_effective_tool"
        },
        {
          "type": "origins:on_block",
          "block_condition": {
            "type": "origins:movement_blocking"
          }
        }
      ]
    }
  },
  "break_float": {
    "type": "origins:modify_break_speed",
    "modifier": {
      "operation": "multiply_total",
      "value": 25.0
    },
    "condition": {
      "type": "origins:and",
      "conditions": [
        {
          "type": "origins:submerged_in",
          "fluid": "minecraft:water"
        },
        {
          "type": "origins:using_effective_tool"
        },
        {
          "type": "origins:power_active",
          "power": "sample:aquatic_break_grounded",
          "inverted": true
        }
      ]
    }
  },
}