{
    "type": "origins:action_over_time",
    "name": "Aquatic Friends",
    "description": "Guardians/Elder Guardians do not attack you unless you attack them."
    "interval": 20,
    "entity_action": {
        "type": "origins:and",
        "actions": [
			{
                "type": "origins:execute_command",
                "permission_level": 4,
                "command": "team add sea"
            },
            {
                "type": "origins:execute_command",
                "permission_level": 4,
                "command": "team join sea @s"
            },
            {
                "type": "origins:execute_command",
                "permission_level": 4,
                "command": "team join sea @e[type=minecraft:guardian]"
            },
            {
                "type": "origins:execute_command",
                "permission_level": 4,
                "command": "team join sea @e[type=minecraft:elder_guardian]"
            },
            {
                "type": "origins:execute_command",
                "permission_level": 4,
                "command": "team join sea @e[type=minecraft:drowned]"
            }
        ]
    }
}