{
	"name": "Poseidon's Warriors",
	"description": "Trident's are your main weapon that you wield. You have more reach and damage when using the trident, do more damage when throwing and the impaling enchantment works for every mob including players, But you also take more damage from tridents.",
	"type": "origins:modify_damage_dealt",
	"condition": {
		"type": "origins:equipped_item",
		"equipment_slot": "mainhand",
		"item_condition": {
			"type": "origins:ingredient",
			"ingredient": {
				"item": "minecraft:trident"
			}
		},
		"modifier": {
			"name": "Additional damage while holding a trident",
			"value": 8,
			"operation": "addition"
		}
	}
}