{
    "type": "origins:multiple",
    "cooldown": {
        "type": "origins:cooldown",
        "cooldown": 24000,
        "hud_render": {
            "should_render": true,
            "sprite_location": "origins:textures/gui/community/spiderkolo/resource_bar_02.png",
            "bar_index": 9
        }
    },
    "prevent": {
        "type": "origins:prevent_death",
        "entity_action": {
            "type": "origins:and",
            "actions": [
                {
                    "type": "origins:trigger_cooldown",
                    "power": "*:*_cooldown"
                },
                {
                    "type": "origins:heal",
                    "amount": 25
                }
            ]
        },
        "condition": {
            "type": "origins:resource",
            "resource": "*:*_cooldown",
            "comparison": "==",
            "compare_to": 0
        }
    },
    "name": "Mipha's Grace",
    "description": "You have been blessed by the soul of Mipha, there is a 5% chance that when you die, you restore your entire health and also gain 5 additional absorption hearts in order to help save your life."
}