{
	"type": "origins:stacking_status_effect",
    "min_stacks": 0,
    "max_stacks": 1,
    "duration_per_stack": 20,
    "effects": [
        {
            "effect": "minecraft:weakness",
            "is_ambient": true,
            "show_particles": false,
            "show_icon": true
        },
        {
            "effect": "minecraft:slowness",
            "is_ambient": true,
            "show_particles": false,
            "show_icon": true
        }
    ],
	"condition": {
    "type": "origins:dimension",
    "dimension": "minecraft:the_nether",
    "inverted": false
	},
	"name": "Dehydration",
	"description": "You are not used to the hot temperatures such as the nether, therefore you are much weaker, slower and also requires more food in the nether. You will also take double the damage from fire and lava."
}
