{
    "type": "origins:stacking_status_effect",
    "min_stacks": 2,
    "max_stacks": 2,
    "duration_per_stack": 10,
    "effects": [
        {
            "effect": "minecraft:dolphins_grace",
            "is_ambient": true,
            "show_particles": false,
            "show_icon": false
        }
    ],
	"condition": {
		"type": "origins:fluid_height",
		"fluid": "minecraft:water",
		"comparison": ">",
		"compare_to": 0.0,
		"inverted": false
    },
  "name": "Natural Habitat",
  "description": "Your species has been in the water ever since the beginning and so you gain the ability to be able to swim faster underwater, breathe underwater, gain night vision and be able to mine as fast as you would on land."
}