{
    "type": "origins:action_over_time",
    "hidden": true,
    "interval": 2,
    "entity_action": {
        "type": "origins:and",
        "actions": [
            {
                "type": "origins:spawn_particles",
                "particle": {
                    "type": "minecraft:cloud"
                },
                "count": 5,
                "speed": 0.01,
                "offset_y": 0.15,
                "spread": {
                    "x": 0.2,
                    "z": 0.2,
                    "y": 0.1
                }
            }
        ]
    },
    "condition": {
        "type": "origins:and",
        "conditions": [
            {
                "type": "origins:or",
                "conditions": [
                    {
                        "type": "origins:moving"
                    },
                    {
                        "type": "origins:on_block",
                        "inverted": true
                    }
                ]
            },
            {
                "type": "origins:resource",
                "resource": "cloudskipper:dissipation",
                "compare_to": 0,
                "comparison": "=="
            },
            {
                "type": "origins:sneaking",
                "inverted": true
            },
            {
                "type": "origins:in_block_anywhere",
                "block_condition": {
                    "type": "origins:block",
                    "block": "minecraft:air",
                    "inverted": true
                },
                "compare_to": 0,
                "comparison": "=="
            },
            {
                "type": "origins:command",
                "command": "execute if entity @s[x_rotation=45.0..100.0]",
                "compare_to": 0,
                "comparison": "=="
            }
        ]
    }
}