{
	"powers": [
		"cy:lava_vision",
		"cy:lava_swimming_speed",
		"cy:water_swimming_speed",
		"cy:merlava",
		"cy:burning_wrath",
		"cy:freeze",
		"cy:fire_fury",
		"cy:lava_affinity",
		"cy:scarce",
		"origins:conduit_power_on_land",
		"cy:toggle",
		"cy:turtle_restriction",
		"origins:nether_spawn"
	],
	"icon": "minecraft:cooked_salmon",
	"order": 10,
	"impact": 3,
	"name": "Cyprin",
	"description": "A distant relative to the Merling. Cyprins are a more extreme race and live in the nether lakes."
}
