{
    "type": "origins:multiple",
    "name": "Skipping on Clouds",
    "description": "By jumping midair, you can create clouds to skip on them, allowing you to jump an infinite number of times before landing.",
    "badges": [
        {
            "type": "origins:tooltip",
            "sprite": "origins:textures/gui/badge/info.png",
            "text": "This can't be used at 3 food shanks or lower, and exhausts you with each use."
        },
        {
            "type": "origins:tooltip",
            "sprite": "origins:textures/gui/badge/star.png",
            "text": "Cloudskipping pushes nearby mobs."
        }
    ],
    "flight": {
        "type": "origins:active_self",
        "entity_action": {
            "type": "origins:and",
            "actions": [
                {
                    "type": "origins:area_of_effect",
                    "include_target": false,
                    "radius": 6,
                    "bientity_action": {
                        "type": "origins:add_velocity",
                        "z": 0.7
                    }
                },
                {
                    "type": "origins:spawn_particles",
                    "particle": {
                        "type": "minecraft:cloud"
                    },
                    "count": 25,
                    "speed": 0.0001,
                    "offset_y": 0,
                    "spread": {
                        "x": 1.5,
                        "z": 1.5,
                        "y": 0.2
                    }
                },
                {
                    "type": "origins:if_else",
                    "condition": {
                        "type": "origins:fall_distance",
                        "compare_to": 0,
                        "comparison": ">"
                    },
                    "if_action": {
                        "type": "origins:execute_command",
                        "command": "function cloudskipper:reset_vertical_momentum"
                    }
                },
                {
                    "type": "origins:set_fall_distance",
                    "fall_distance": 0
                },
                {
                    "type": "origins:if_else",
                    "condition": {
                        "type": "origins:moving"
                    },
                    "if_action": {
                        "type": "origins:add_velocity",
                        "y": 0.45,
                        "z": 0.35,
                        "space": "local_horizontal_normalized"
                    },
                    "else_action": {
                        "type": "origins:and",
                        "actions": [
                            {
                                "type": "origins:add_velocity",
                                "z": 0.35,
                                "space": "local_horizontal"
                            },
                            {
                                "type": "origins:add_velocity",
                                "y": 0.5
                            }
                        ]
                    }
                },
                {
                    "type": "origins:play_sound",
                    "sound": "minecraft:entity.phantom.flap",
                    "pitch": 2,
                    "volume": 3
                },
                {
                    "type": "origins:exhaust",
                    "amount": 0.5
                }
            ]
        },
        "cooldown": 10,
        "key": {
            "key": "key.jump",
            "continuous": false
        },
        "hud_render": {
            "should_render": false
        },
        "condition": {
            "type": "origins:and",
            "conditions": [
                {
                    "type": "origins:on_block",
                    "inverted": true
                },
                {
                    "type": "origins:resource",
                    "resource": "cloudskipper:dissipation",
                    "compare_to": 0,
                    "comparison": "=="
                },
                {
                    "type": "origins:food_level",
                    "compare_to": 6,
                    "comparison": ">"
                },
                {
                    "type": "origins:in_block",
                    "block_condition": {
                        "type": "origins:fluid",
                        "fluid_condition": {
                            "type": "origins:in_tag",
                            "tag": "minecraft:water"
                        }
                    },
                    "inverted": true
                },
                {
                    "type": "origins:gamemode",
                    "gamemode": "spectator",
                    "inverted": true
                },
                {
                    "type": "origins:creative_flying",
                    "inverted": true
                },
                {
                    "type": "origins:sneaking",
                    "inverted": true
                }
            ]
        }
    }
}