{
    "type": "origins:multiple",
    "name": "Cloudy Feet",
    "description": "Your feet are not made for walking. When on the ground, your movement is slippery, and you move 60% slower.",
    "friction": {
        "type": "origins:modify_slipperiness",
        "modifier": {
            "operation": "addition",
            "value": 0.38
        },
        "condition": {
            "type": "origins:sneaking",
            "inverted": true
        },
        "block_condition": {
            "type": "origins:slipperiness",
            "comparison": "==",
            "compare_to": 0.6
        }
    },
    "speed": {
        "type": "origins:attribute",
        "modifier": {
            "attribute": "minecraft:generic.movement_speed",
            "value": -0.60,
            "operation": "multiply_total"
        }
    }
}